epoch,steps,cosine_pearson,cosine_spearman,euclidean_pearson,euclidean_spearman,manhattan_pearson,manhattan_spearman,dot_pearson,dot_spearman
0,-1,0.9360114818710278,0.9187411825543208,0.9459062136014772,0.9187411825543208,0.9455352380829147,0.9194769603299917,0.9360114702429811,0.9187411825543208
1,-1,0.9478684835913532,0.9242358899799727,0.9579394947398469,0.9242358899799727,0.9574264768801338,0.9250429204454383,0.9478684708873095,0.9242358899799727
